subject_id,y_true,y_pred_model,y_prob_model,y_pred_dummy
S10,0,1,0.5363532978354156,0
S10,0,0,0.1674062699065055,0
S10,0,0,0.253545625554199,0
S10,0,0,0.26225876366215334,0
S10,0,0,0.33716919542970897,0
S10,0,1,0.7361220497667093,0
S10,0,0,0.20718869308534518,0
S10,0,0,0.1543319992741104,0
S10,0,0,0.018062501507745497,0
S10,0,0,0.1330598062332888,0
S10,0,0,0.10843953525259695,0
S10,0,0,0.264633649633104,0
S10,0,0,0.12895816944567046,0
S10,0,0,0.009153977607668898,0
S10,0,0,0.4998730253454184,0
S10,0,1,0.7781253095022985,0
S10,0,0,0.22420664086382072,0
S10,0,1,0.727641732892526,0
S10,0,1,0.6929398469445659,0
S10,0,0,0.4870271432946614,0
S10,0,0,0.25667578097372207,0
S10,0,0,0.19686885057642978,0
S10,0,0,0.31644487087996215,0
S10,0,0,0.23170335879075418,0
S10,0,0,0.2476895862798605,0
S10,0,0,0.042070207489968474,0
S10,0,0,0.11475524360269525,0
S10,0,0,0.08979355883508623,0
S10,0,0,0.09990262819938317,0
S10,0,0,0.13755873347491573,0
S10,0,1,0.7466444849511154,0
S10,0,1,0.9324990792047513,0
S10,0,0,0.29364441132366764,0
S10,0,0,0.4921890623086514,0
S10,0,0,0.24419326375689362,0
S10,0,0,0.13955358131437254,0
S10,0,0,0.07196356775664049,0
S10,0,0,0.37735302538683685,0
S10,0,1,0.6891739560408795,0
S10,1,1,0.7593345652966735,0
S10,1,1,0.9659617173103879,0
S10,1,1,0.987819529504307,0
S10,1,1,0.999776124187408,0
S10,1,1,0.9998883635095087,0
S10,1,1,0.9854998421165095,0
S10,1,1,0.9797883303346802,0
S10,1,1,0.9827171947414604,0
S10,1,1,0.9420058645826496,0
S10,1,1,0.9617796934108618,0
S10,1,1,0.9933678537736174,0
S10,1,1,0.9912768819635763,0
S10,1,1,0.9228840781972409,0
S10,1,1,0.9784152204261517,0
S10,1,1,0.9846941399516801,0
S10,1,1,0.8570281493192814,0
S10,1,1,0.8266772936974883,0
S10,1,1,0.9507126392190705,0
S10,1,1,0.8990624461706981,0
S10,1,0,0.46785350759048633,0
S10,1,1,0.5107453452917947,0
S10,1,1,0.9653311446899395,0
S10,1,1,0.8943833635717409,0
S10,1,0,0.4871259290868796,0
S11,0,1,0.6602845276555093,0
S11,0,0,0.2450816387108833,0
S11,0,0,0.41927989258051784,0
S11,0,0,0.25228744069771564,0
S11,0,0,0.028226506603401032,0
S11,0,0,0.05314487933794732,0
S11,0,0,0.01765931564438715,0
S11,0,0,0.3470194586969586,0
S11,0,0,0.3861371375952762,0
S11,0,0,0.07880313515174918,0
S11,0,0,0.0639084245815205,0
S11,0,0,0.19238300994592503,0
S11,0,1,0.5464218766832426,0
S11,0,0,0.287234310259188,0
S11,0,0,0.2671682361973006,0
S11,0,0,0.24304269481844196,0
S11,0,0,0.10995648115566328,0
S11,0,0,0.0800843805106848,0
S11,0,0,0.003522975341370619,0
S11,0,0,0.050042964641444455,0
S11,0,0,0.23366754185718544,0
S11,0,0,0.40555971336500696,0
S11,0,0,0.31895735704881945,0
S11,0,0,0.22971438454458934,0
S11,0,0,0.09348904161242123,0
S11,0,0,0.09968762657549049,0
S11,0,0,0.236546235068846,0
S11,0,0,0.23915969644650087,0
S11,0,0,0.3588615701036034,0
S11,0,0,0.08701880615105914,0
S11,0,0,0.05955861163596237,0
S11,0,0,0.4506668689792814,0
S11,0,1,0.5714647374508867,0
S11,0,0,0.046487181221591733,0
S11,0,0,0.0224734967139881,0
S11,0,0,0.023274088363419414,0
S11,0,0,0.04875060101593467,0
S11,0,0,0.10345911418086141,0
S11,0,0,0.15826734142027266,0
S11,0,1,0.7186233556213844,0
S11,1,1,0.9952153765827285,0
S11,1,1,0.9948944614377236,0
S11,1,1,0.9916115813635604,0
S11,1,1,0.9917170271320539,0
S11,1,1,0.9938052728700747,0
S11,1,1,0.9881173376707131,0
S11,1,1,0.9217835166191717,0
S11,1,1,0.9498197268783122,0
S11,1,1,0.9466132695600835,0
S11,1,1,0.7922349523270379,0
S11,1,1,0.5851709300671474,0
S11,1,1,0.8705919254850946,0
S11,1,0,0.12464890350518947,0
S11,1,0,0.4782772568889216,0
S11,1,1,0.9185124787597703,0
S11,1,1,0.803089589006932,0
S11,1,1,0.9009758534570858,0
S11,1,1,0.9920536845283339,0
S11,1,1,0.9941231933936728,0
S11,1,1,0.9938561384666139,0
S11,1,1,0.994605375509115,0
S11,1,1,0.9961339940703012,0
S11,1,1,0.9990418592196706,0
S13,0,0,0.18956669777449725,0
S13,0,0,0.20179166847890306,0
S13,0,1,0.9196651625516816,0
S13,0,1,0.9608188420864682,0
S13,0,1,0.984558915644674,0
S13,0,1,0.9377071722136634,0
S13,0,1,0.7156511474335353,0
S13,0,0,0.30246820382948797,0
S13,0,1,0.6056419800648928,0
S13,0,1,0.8243126792916099,0
S13,0,1,0.5055734738842333,0
S13,0,1,0.6209398844855751,0
S13,0,0,0.31162320044421654,0
S13,0,0,0.4358332406995412,0
S13,0,1,0.8822029945102242,0
S13,0,1,0.9478440280297147,0
S13,0,0,0.1841329251908173,0
S13,0,0,0.07334832301322483,0
S13,0,1,0.7580244938336987,0
S13,0,1,0.6989129255923652,0
S13,0,0,0.2724041447204172,0
S13,0,0,0.17386158598099338,0
S13,0,0,0.16021570778027522,0
S13,0,1,0.7461101025695264,0
S13,0,1,0.7261202825322646,0
S13,0,1,0.7992384659298921,0
S13,0,0,0.2879412460962653,0
S13,0,0,0.09346409847197563,0
S13,0,1,0.7575895706742388,0
S13,0,1,0.6199440369169599,0
S13,0,0,0.4844236791843275,0
S13,0,1,0.5643713322389082,0
S13,0,0,0.10026119247012463,0
S13,0,1,0.8280054469861099,0
S13,0,1,0.7645842733455622,0
S13,0,1,0.7521944266973887,0
S13,0,1,0.5912485260187648,0
S13,0,1,0.654207459355932,0
S13,0,0,0.2800215282242429,0
S13,0,0,0.14759234082229808,0
S13,1,1,0.9999878195291606,0
S13,1,1,0.9999975998065733,0
S13,1,1,0.9999973466371543,0
S13,1,1,0.9999915992663218,0
S13,1,1,0.999994292293568,0
S13,1,1,0.9999747173327692,0
S13,1,1,0.9999854849203005,0
S13,1,1,0.9999820670495514,0
S13,1,1,0.9999963731578979,0
S13,1,1,0.9999990203485098,0
S13,1,1,0.9999963145964326,0
S13,1,1,0.9999021198280844,0
S13,1,1,0.9999646048267373,0
S13,1,1,0.999995766141283,0
S13,1,1,0.9999782923963255,0
S13,1,1,0.9990587491727773,0
S13,1,1,0.9975605300294688,0
S13,1,1,0.9958878525137077,0
S13,1,1,0.9999069340837375,0
S13,1,1,0.9996419291008501,0
S13,1,1,0.9998849104172269,0
S13,1,1,0.9970301642839565,0
S14,0,1,0.6718973416921395,0
S14,0,0,0.014633283751957913,0
S14,0,0,0.012928543488412969,0
S14,0,0,0.01709437916257575,0
S14,0,0,0.05259035803110262,0
S14,0,1,0.6610685475245259,0
S14,0,1,0.6981070554342066,0
S14,0,0,0.0156280721346936,0
S14,0,0,0.0004518898126388686,0
S14,0,0,0.0025151069738045986,0
S14,0,0,0.00852429943186171,0
S14,0,0,0.0035248273410672082,0
S14,0,0,0.0021489039422258414,0
S14,0,0,0.0014843329381713898,0
S14,0,0,0.0013999228569668736,0
S14,0,0,0.005455979447179699,0
S14,0,0,0.014567516056417535,0
S14,0,0,0.03488442371483228,0
S14,0,0,0.020848782049308234,0
S14,0,0,0.03293366853503048,0
S14,0,0,0.0019683471963677607,0
S14,0,0,0.02457554119402751,0
S14,0,0,0.0026343724847560177,0
S14,0,0,0.008195151630958252,0
S14,0,0,0.06915482183732632,0
S14,0,0,0.049822968407393003,0
S14,0,0,0.008573114929558298,0
S14,0,0,0.0521735487182869,0
S14,0,0,0.07569673360629216,0
S14,0,0,0.1316164255253643,0
S14,0,0,0.008724453091906812,0
S14,0,0,0.15723542487434267,0
S14,0,0,0.28684052584913794,0
S14,0,0,0.013668434031748332,0
S14,0,0,0.008179380840469971,0
S14,0,0,0.09044137705213566,0
S14,0,0,0.0070649937299630755,0
S14,0,0,0.026784762727431233,0
S14,0,0,0.014218312334049238,0
S14,0,0,0.43846296404898805,0
S14,1,1,0.6296487738510619,0
S14,1,0,0.36583657405604625,0
S14,1,0,0.04065875075619616,0
S14,1,0,0.2067808927878466,0
S14,1,0,0.15936289523735964,0
S14,1,1,0.6481468507259373,0
S14,1,0,0.2939958318821471,0
S14,1,0,0.08343217727325612,0
S14,1,0,0.19915900484868876,0
S14,1,0,0.10415957245210342,0
S14,1,0,0.016447514850572317,0
S14,1,1,0.982989441693961,0
S14,1,1,0.9984493498318417,0
S14,1,1,0.8939819814864572,0
S14,1,1,0.8491221697389337,0
S14,1,1,0.9742385783760973,0
S14,1,1,0.8454390083128022,0
S14,1,0,0.42339560302257634,0
S14,1,0,0.30249856031608297,0
S14,1,0,0.2710805547903127,0
S14,1,1,0.767033588183313,0
S14,1,1,0.9281633299448596,0
S15,0,1,0.999999996542428,0
S15,0,1,0.9999999980562821,0
S15,0,1,0.9912003178418763,0
S15,0,1,0.9999994939706032,0
S15,0,1,0.9995661788907163,0
S15,0,1,0.9999999998288565,0
S15,0,1,0.9230331749907602,0
S15,0,0,0.4620761959504006,0
S15,0,1,0.8911859327550674,0
S15,0,1,0.992597011159877,0
S15,0,1,0.9875639075520922,0
S15,0,1,0.9684175686265979,0
S15,0,0,0.28778410500563,0
S15,0,1,0.9746857869269854,0
S15,0,1,0.999999999690101,0
S15,0,1,0.9617501402043138,0
S15,0,0,0.48040140602034265,0
S15,0,1,0.5337135841468001,0
S15,0,0,0.395545034610545,0
S15,0,1,0.9000682390433911,0
S15,0,0,0.028929818996686257,0
S15,0,1,0.6844480022917813,0
S15,0,1,0.5903102554882728,0
S15,0,1,0.6952140608824415,0
S15,0,1,0.9943931293237143,0
S15,0,1,0.9949090504549759,0
S15,0,1,0.9276935683748082,0
S15,0,1,0.96056884857358,0
S15,0,1,0.9202847311797432,0
S15,0,1,0.9349563118245697,0
S15,0,0,0.19015499254595608,0
S15,0,0,0.4329890155956811,0
S15,0,1,0.9753619529198201,0
S15,0,1,0.9996893960295964,0
S15,0,1,0.9291462233614004,0
S15,0,1,0.9156630266154228,0
S15,0,1,0.95913609457796,0
S15,0,1,0.9656220784314156,0
S15,0,0,0.445049314738453,0
S15,1,1,0.9772382831653067,0
S15,1,1,0.9991661143115005,0
S15,1,1,0.9999986326136566,0
S15,1,1,0.9999941992978952,0
S15,1,1,0.9999999986893409,0
S15,1,1,0.999999998595194,0
S15,1,1,0.9999970839597511,0
S15,1,1,0.9999999950693799,0
S15,1,1,0.9999999999982012,0
S15,1,1,0.9999999999990392,0
S15,1,1,0.9993749853687791,0
S15,1,1,0.9910622991751264,0
S15,1,1,0.9987327561800522,0
S15,1,1,0.9996034729701493,0
S15,1,1,0.9966362012420076,0
S15,1,1,0.9922206451596387,0
S15,1,1,0.9942361528271769,0
S15,1,1,0.9891512002083083,0
S15,1,1,0.9956031671758034,0
S15,1,1,0.9811188236308307,0
S15,1,1,0.9887757353822758,0
S15,1,1,0.9961619632526293,0
S15,1,1,0.9979194027963292,0
S16,0,1,0.8905985486718235,0
S16,0,1,0.5321970577966599,0
S16,0,1,0.642597243367452,0
S16,0,0,0.3869683791140912,0
S16,0,0,0.23635703834759533,0
S16,0,1,0.623733030723259,0
S16,0,1,0.6340612536698523,0
S16,0,0,0.30358584897773894,0
S16,0,1,0.5377623463545851,0
S16,0,0,0.32923668766786673,0
S16,0,0,0.4682344877778284,0
S16,0,0,0.16077317670105493,0
S16,0,0,0.22851454279584676,0
S16,0,0,0.07415304600724679,0
S16,0,0,0.1409213566518855,0
S16,0,0,0.01221091593548818,0
S16,0,0,0.04313051924868004,0
S16,0,0,0.029704410966052617,0
S16,0,0,0.10323766733143096,0
S16,0,0,0.4218722208186429,0
S16,0,0,0.03458984695314236,0
S16,0,0,0.25008638565517255,0
S16,0,0,0.25880400600801895,0
S16,0,0,0.10129248291548128,0
S16,0,0,0.05401275051062131,0
S16,0,0,0.43879537443542393,0
S16,0,0,0.2641306095162992,0
S16,0,0,0.1379771884885641,0
S16,0,0,0.15399893198287576,0
S16,0,1,0.5440500207923427,0
S16,0,0,0.38885617957464463,0
S16,0,0,0.23143725962895623,0
S16,0,0,0.12677803514651406,0
S16,0,0,0.03916764984032565,0
S16,0,0,0.2644088953403939,0
S16,0,0,0.4409876114489373,0
S16,0,0,0.18916246792040192,0
S16,0,0,0.18883169315724618,0
S16,0,0,0.055249809220292274,0
S16,1,1,0.9997175577779258,0
S16,1,1,0.999617604551497,0
S16,1,1,0.9952162242385343,0
S16,1,1,0.9773255923034962,0
S16,1,1,0.9898062448966263,0
S16,1,1,0.9969020064721783,0
S16,1,1,0.9991203088029755,0
S16,1,1,0.8731706774279208,0
S16,1,1,0.983177110330618,0
S16,1,1,0.986684919216425,0
S16,1,1,0.9837482988803832,0
S16,1,1,0.8362366651470935,0
S16,1,1,0.9980266850482384,0
S16,1,1,0.9999669613481728,0
S16,1,1,0.999254823285546,0
S16,1,1,0.9997235755958772,0
S16,1,1,0.9999188305827653,0
S16,1,1,0.9998944132910982,0
S16,1,1,0.9998272685504407,0
S16,1,1,0.9997850256818578,0
S16,1,1,0.9984672862778511,0
S16,1,1,0.9989517771139763,0
S17,0,0,0.2185310510248949,0
S17,0,0,0.08165022731842496,0
S17,0,0,0.10861897922781671,0
S17,0,0,0.1686229632969669,0
S17,0,0,0.002900307286069713,0
S17,0,0,0.0019053492613352215,0
S17,0,0,0.001972035783061072,0
S17,0,0,0.0014649213872844516,0
S17,0,0,0.0007918489747808186,0
S17,0,0,0.0011424495604798826,0
S17,0,0,0.0011726592674894474,0
S17,0,0,0.00103682149409094,0
S17,0,0,0.003928425714901421,0
S17,0,0,0.0009927447934175771,0
S17,0,0,0.0010203019647760873,0
S17,0,0,0.032852829138134906,0
S17,0,0,0.09725222888934994,0
S17,0,0,0.0437529030238654,0
S17,0,0,0.008752930449919028,0
S17,0,0,0.0008964991873888455,0
S17,0,0,0.001376641684646724,0
S17,0,0,0.007093934706193641,0
S17,0,0,0.005933304543404621,0
S17,0,0,0.026422217137572836,0
S17,0,0,0.025819045176626844,0
S17,0,0,0.0028052863561112418,0
S17,0,1,0.5847974261302255,0
S17,0,0,0.3589371528689895,0
S17,0,0,0.001522469755584217,0
S17,0,0,0.002129463225105535,0
S17,0,0,0.005927213212305093,0
S17,0,0,0.0029218349829944527,0
S17,0,0,0.001494154138772672,0
S17,0,0,0.0028228570031756978,0
S17,0,0,0.0005073414683175693,0
S17,0,0,0.41402307300127433,0
S17,0,1,0.8802874656887152,0
S17,0,0,0.05595715425181992,0
S17,0,1,0.8197476287603227,0
S17,1,0,0.4655353445776427,0
S17,1,1,0.8937073099860775,0
S17,1,1,0.9920379007486357,0
S17,1,1,0.9594308889911531,0
S17,1,1,0.9575995065777531,0
S17,1,1,0.9940524700286001,0
S17,1,1,0.9948090837618488,0
S17,1,1,0.9857464570361488,0
S17,1,1,0.8700562771352995,0
S17,1,1,0.9881911890847292,0
S17,1,1,0.9876169857854447,0
S17,1,0,0.1158792245062486,0
S17,1,1,0.9355664304260212,0
S17,1,1,0.8179137030723173,0
S17,1,1,0.9272874722877961,0
S17,1,1,0.9904490553664742,0
S17,1,1,0.9155757186710304,0
S17,1,1,0.9353629336663905,0
S17,1,1,0.9541808126480382,0
S17,1,1,0.9832162973366669,0
S17,1,1,0.9881532687621012,0
S17,1,1,0.708212731437958,0
S17,1,1,0.5097481722126022,0
S17,1,1,0.9206696514836566,0
S2,0,0,0.14615849982627502,0
S2,0,0,0.16741527472610995,0
S2,0,0,0.017706389860781938,0
S2,0,0,0.011424442384373552,0
S2,0,0,0.015753270590601946,0
S2,0,0,0.042310286109662164,0
S2,0,0,0.12652359402847563,0
S2,0,0,0.029676039245780286,0
S2,0,0,0.0007357966088204173,0
S2,0,0,0.013267017921159476,0
S2,0,0,0.04953663912204457,0
S2,0,0,0.13814068567637797,0
S2,0,0,0.05631142912988199,0
S2,0,0,0.005552359986718944,0
S2,0,0,0.00025915366478020254,0
S2,0,0,0.002708799579392737,0
S2,0,0,0.006902796019136203,0
S2,0,0,0.0022162348395271775,0
S2,0,0,0.00464687617018405,0
S2,0,0,0.0012714931674721063,0
S2,0,0,0.003031489939008171,0
S2,0,0,0.0008424044821829686,0
S2,0,0,0.00018433398617351962,0
S2,0,0,0.0002740201755950634,0
S2,0,0,0.00023214227056748282,0
S2,0,0,0.0005160888192949756,0
S2,0,0,0.0008749227379222232,0
S2,0,0,0.0015563452214125057,0
S2,0,0,0.011227339698866537,0
S2,0,0,0.009006719362478875,0
S2,0,0,0.017958608179673635,0
S2,0,0,0.0014533582124545564,0
S2,0,0,0.004121772696983272,0
S2,0,0,0.0018268318160670027,0
S2,0,0,0.004911871927020023,0
S2,0,0,0.024346852115137,0
S2,0,0,0.10708596181173984,0
S2,0,1,0.8060499475055395,0
S2,1,0,0.26829096824523696,0
S2,1,0,0.050461362781193134,0
S2,1,0,0.27565518555474267,0
S2,1,0,0.3469705943735929,0
S2,1,0,0.32015362815914916,0
S2,1,0,0.21507247966036364,0
S2,1,1,0.6634921474493094,0
S2,1,1,0.5816820709445873,0
S2,1,1,0.7417327082260912,0
S2,1,1,0.7073811715285075,0
S2,1,0,0.36451407745831105,0
S2,1,0,0.44352780368405936,0
S2,1,0,0.3052988953498695,0
S2,1,0,0.45879456668885266,0
S2,1,1,0.8348047318015015,0
S2,1,1,0.6576123951404823,0
S2,1,1,0.8023630769084508,0
S2,1,1,0.631658501193781,0
S2,1,1,0.540651107115645,0
S2,1,0,0.41730432620582036,0
S2,1,0,0.41025528647257337,0
S3,0,0,0.011875993543399216,0
S3,0,0,0.03104208338409775,0
S3,0,0,0.0025070392562386756,0
S3,0,0,0.014803550579032597,0
S3,0,0,0.004383784936709311,0
S3,0,0,0.0002548896207778729,0
S3,0,0,0.0002813077920792445,0
S3,0,0,0.013979532203218277,0
S3,0,0,0.09726531329454417,0
S3,0,0,0.02620151117456847,0
S3,0,0,0.0875591016140203,0
S3,0,0,0.18215574158010464,0
S3,0,0,0.04466020712187893,0
S3,0,0,0.017232596699961564,0
S3,0,0,0.02324454927332998,0
S3,0,0,0.053803901679425864,0
S3,0,0,0.05677618081642666,0
S3,0,0,0.002020418919667881,0
S3,0,0,0.0007712792617869846,0
S3,0,0,0.01746427813721171,0
S3,0,0,0.26320002365917444,0
S3,0,0,0.009297289456634897,0
S3,0,0,0.00026186871228534166,0
S3,0,0,0.0073950670342835725,0
S3,0,0,0.0268451599864247,0
S3,0,0,0.09806871382036814,0
S3,0,0,0.0662615421246006,0
S3,0,0,0.05082970998020373,0
S3,0,0,0.04180938479507815,0
S3,0,0,0.07874828419869441,0
S3,0,0,0.05761693035608088,0
S3,0,0,0.003994724183551852,0
S3,0,0,0.0015798022011256567,0
S3,0,0,0.0010080133677623057,0
S3,0,0,0.00041698222091220513,0
S3,0,0,0.0011586339445385544,0
S3,0,0,0.00027038728753402705,0
S3,0,0,0.00030506613677094456,0
S3,1,1,0.9942586367687931,0
S3,1,1,0.9971506863788823,0
S3,1,1,0.9993760705493648,0
S3,1,1,0.9999998969672528,0
S3,1,1,0.9999998646615994,0
S3,1,1,0.9996614750992108,0
S3,1,1,0.9999629216551638,0
S3,1,1,0.9980242378094006,0
S3,1,1,0.9998645087508401,0
S3,1,1,0.9979120072309401,0
S3,1,0,0.3979129183981693,0
S3,1,0,0.4234248802008279,0
S3,1,0,0.4938727185932908,0
S3,1,1,0.5312036625179908,0
S3,1,0,0.3828770360960076,0
S3,1,1,0.564875023349261,0
S3,1,1,0.6517162487818926,0
S3,1,0,0.42034126395564486,0
S3,1,0,0.3752811992035208,0
S3,1,0,0.169337269245172,0
S3,1,0,0.20581134153701916,0
S3,1,1,0.6892794234563292,0
S4,0,0,0.02234605400718575,0
S4,0,0,0.003225989294233023,0
S4,0,0,0.000682338450861022,0
S4,0,0,0.0017126080899359012,0
S4,0,0,0.0015044254048349685,0
S4,0,0,0.00245596499244538,0
S4,0,0,0.0031722033393314286,0
S4,0,0,0.0008901824752521372,0
S4,0,0,0.0009025692533441121,0
S4,0,0,0.0015391602311891285,0
S4,0,0,0.0015015119816095017,0
S4,0,0,0.001510778281696427,0
S4,0,0,0.0027121771507541076,0
S4,0,0,0.0034745745124910242,0
S4,0,0,0.0011407406494647354,0
S4,0,0,0.0007124272734891653,0
S4,0,0,0.0004536364791446634,0
S4,0,0,0.0006094421588202409,0
S4,0,0,0.0012764114752283182,0
S4,0,0,0.0023647864678706322,0
S4,0,0,0.0006935498812987065,0
S4,0,0,0.0002949088103568753,0
S4,0,0,0.0006449818112290231,0
S4,0,0,0.0006384816996580732,0
S4,0,0,0.0007769479327387063,0
S4,0,0,0.0006527322573090793,0
S4,0,0,0.0009364335948903627,0
S4,0,0,0.0010941001145859965,0
S4,0,0,0.0013606197863292833,0
S4,0,0,0.01198874148890163,0
S4,0,0,0.01849296714156232,0
S4,0,0,0.049893895282888824,0
S4,0,0,0.062075839196254916,0
S4,0,0,0.017601304794488744,0
S4,0,0,0.0005840463717688418,0
S4,0,0,0.0012296493013356496,0
S4,0,0,0.0035794106916465004,0
S4,0,0,0.0022180093313160175,0
S4,0,0,0.3180422015794517,0
S4,1,1,0.9971120329136697,0
S4,1,1,0.8779032825012686,0
S4,1,1,0.9880240692099226,0
S4,1,1,0.9166187548437491,0
S4,1,1,0.9862015288609987,0
S4,1,1,0.9717859969424677,0
S4,1,1,0.9393616546324968,0
S4,1,1,0.6466250222528094,0
S4,1,0,0.32059228031593145,0
S4,1,1,0.6277510384024251,0
S4,1,1,0.9593607635976675,0
S4,1,1,0.9852394445469735,0
S4,1,1,0.9206137086982032,0
S4,1,1,0.8393667577050685,0
S4,1,1,0.778592933023824,0
S4,1,1,0.9466815527484328,0
S4,1,1,0.9297300112816834,0
S4,1,1,0.7063446066529395,0
S4,1,1,0.9121472357010358,0
S4,1,1,0.853195130951891,0
S4,1,1,0.7433467922401575,0
S5,0,1,0.9996437163302352,0
S5,0,1,0.9859018188023111,0
S5,0,0,0.3611398938764911,0
S5,0,0,0.1429014409526159,0
S5,0,0,5.2920836199717035e-05,0
S5,0,0,3.197674540127711e-05,0
S5,0,0,0.005696441673035803,0
S5,0,0,0.23482085228155578,0
S5,0,0,0.006290155650409465,0
S5,0,0,2.6697024759032314e-05,0
S5,0,0,8.243611512018337e-05,0
S5,0,0,2.0375338716432988e-07,0
S5,0,0,1.410346053243845e-05,0
S5,0,0,2.1790487388999324e-05,0
S5,0,0,5.209069228582579e-07,0
S5,0,0,1.4935555310634261e-05,0
S5,0,0,0.00012655478329513724,0
S5,0,0,9.674038864467177e-05,0
S5,0,0,0.0002992822711872687,0
S5,0,0,0.0008629775088680812,0
S5,0,0,0.0004783218515618872,0
S5,0,0,0.0018732342538142844,0
S5,0,0,0.0005664755664507272,0
S5,0,0,0.006360063844581894,0
S5,0,0,0.02270948426111429,0
S5,0,0,0.0008034219421545698,0
S5,0,0,0.03698720164457548,0
S5,0,0,0.45474932781022775,0
S5,0,0,0.001926702304060054,0
S5,0,0,0.007419355372426465,0
S5,0,0,0.05098093132926998,0
S5,0,0,0.04517405538848538,0
S5,0,0,0.004859798973508347,0
S5,0,0,1.458343232445917e-05,0
S5,0,0,1.0715443374760458e-05,0
S5,0,0,1.4957257817166234e-05,0
S5,0,0,0.00027616883027051914,0
S5,0,0,0.004705478643752915,0
S5,0,0,0.0029073877549112047,0
S5,0,0,0.02316468616010092,0
S5,1,1,0.6098842623633709,0
S5,1,1,0.8676197402515904,0
S5,1,1,0.9043634721435374,0
S5,1,1,0.9751543924944686,0
S5,1,1,0.9929571456562144,0
S5,1,1,0.9880407445198819,0
S5,1,1,0.873894291798489,0
S5,1,1,0.8356446604786597,0
S5,1,1,0.9468227227447069,0
S5,1,1,0.9772896428993267,0
S5,1,1,0.9714490420889383,0
S5,1,1,0.6697783432119722,0
S5,1,0,0.2914249051016206,0
S5,1,0,0.4208023073560412,0
S5,1,1,0.913405550596688,0
S5,1,1,0.9524766555289048,0
S5,1,1,0.8168310196094939,0
S5,1,1,0.9484422911621609,0
S5,1,1,0.91685229914986,0
S5,1,1,0.8183225652085991,0
S5,1,1,0.9183539193067003,0
S6,0,0,0.18424883171310258,0
S6,0,0,0.16240985775045305,0
S6,0,0,0.06569216377230516,0
S6,0,0,0.057056883163592705,0
S6,0,0,0.017243863854003342,0
S6,0,0,0.00696289637454343,0
S6,0,0,0.014325906830568511,0
S6,0,0,0.022037013308426775,0
S6,0,0,0.010044051013055392,0
S6,0,0,0.00022920834361406993,0
S6,0,0,0.000363865198840517,0
S6,0,0,0.0019884591888405965,0
S6,0,0,0.0008441018206214774,0
S6,0,0,0.00011172861994630123,0
S6,0,0,0.001315344291973425,0
S6,0,0,0.01953186673022601,0
S6,0,0,0.08290582905057285,0
S6,0,0,0.07285765317824897,0
S6,0,0,0.03082813760787465,0
S6,0,0,0.025045380265563216,0
S6,0,0,0.00151344155557544,0
S6,0,0,0.1365788990979408,0
S6,0,0,0.337544144407096,0
S6,0,0,0.1747014784791465,0
S6,0,0,0.14227356863554363,0
S6,0,0,0.08072601683200012,0
S6,0,0,0.04198975624627741,0
S6,0,0,0.002918624927166898,0
S6,0,0,0.020697838471292543,0
S6,0,0,0.013625984910564963,0
S6,0,0,0.0027766591277565015,0
S6,0,0,0.016459614205189356,0
S6,0,0,0.11465553063302386,0
S6,0,0,0.007858607588327467,0
S6,0,0,0.00581425627789155,0
S6,0,0,0.0032247840347531137,0
S6,0,0,0.0017752217029209955,0
S6,0,0,0.011704800695881746,0
S6,0,0,0.0007039104935819444,0
S6,1,1,0.9351529933301231,0
S6,1,1,0.590904805439081,0
S6,1,1,0.9995284000833147,0
S6,1,1,0.8004395839158538,0
S6,1,1,0.9397246500722005,0
S6,1,1,0.9555245140625773,0
S6,1,1,0.8670628770945583,0
S6,1,1,0.56843287626871,0
S6,1,1,0.7254442712580637,0
S6,1,1,0.9223269867512914,0
S6,1,1,0.868406045707892,0
S6,1,1,0.8738256227526723,0
S6,1,1,0.8149349684825523,0
S6,1,1,0.9651544917567253,0
S6,1,1,0.9902458317705819,0
S6,1,1,0.9555518559181405,0
S6,1,1,0.9619176463763486,0
S6,1,1,0.6386089995224182,0
S6,1,0,0.14784045710632587,0
S6,1,0,0.35995283406479417,0
S6,1,0,0.1609539270921141,0
S6,1,1,0.7974139939137387,0
S7,0,1,0.7573737648372235,0
S7,0,1,0.6886039221006139,0
S7,0,1,0.6825092676694718,0
S7,0,0,0.012096950605537565,0
S7,0,0,0.0011234600412652347,0
S7,0,0,4.0848217431411886e-06,0
S7,0,0,2.157683427445789e-05,0
S7,0,0,0.05329184812019829,0
S7,0,0,0.00631841290758954,0
S7,0,0,0.021658513056540863,0
S7,0,1,0.888678851181764,0
S7,0,0,2.9046741838586124e-05,0
S7,0,0,1.7755726068723928e-06,0
S7,0,1,0.8497336645527372,0
S7,0,1,0.998104148284879,0
S7,0,0,0.016459393576585667,0
S7,0,0,0.02932818992396319,0
S7,0,1,0.9986444397462776,0
S7,0,1,0.9987029007992256,0
S7,0,1,0.9368558843089907,0
S7,0,0,0.494768414775732,0
S7,0,0,0.004386251097575669,0
S7,0,0,0.00023017927146112586,0
S7,0,0,0.0004226692594434575,0
S7,0,1,0.5938860250977094,0
S7,0,1,0.8172421789284281,0
S7,0,1,0.5598963086141966,0
S7,0,0,0.014912386095775077,0
S7,0,0,0.01157268363316052,0
S7,0,1,0.7065941622902552,0
S7,0,1,0.8140398266307957,0
S7,0,0,0.2792555428889023,0
S7,0,0,0.15792405406416254,0
S7,0,0,0.012734452366529469,0
S7,0,0,0.04836081110086469,0
S7,0,0,0.0026485277359155767,0
S7,0,0,0.37672360784022985,0
S7,0,1,0.940675526803224,0
S7,0,0,0.29389422580413727,0
S7,1,1,0.9983094941182885,0
S7,1,1,0.998507330145543,0
S7,1,1,0.9984853907606741,0
S7,1,1,0.9955239760693184,0
S7,1,1,0.9956097367156468,0
S7,1,1,0.9936288895872254,0
S7,1,1,0.9889060995583763,0
S7,1,1,0.9953608715947705,0
S7,1,1,0.9970093636403455,0
S7,1,1,0.9891437576047316,0
S7,1,1,0.9482501047409078,0
S7,1,1,0.9298845068897541,0
S7,1,1,0.833787405791436,0
S7,1,1,0.9791459926897621,0
S7,1,1,0.9425754955603377,0
S7,1,1,0.9085526310247602,0
S7,1,1,0.950001251653584,0
S7,1,1,0.9521143889407931,0
S7,1,1,0.8839570109329141,0
S7,1,1,0.9053239128010415,0
S7,1,1,0.777175811660479,0
S8,0,0,0.0005673785896934129,0
S8,0,0,0.0003482406086616098,0
S8,0,0,0.08019853823088234,0
S8,0,0,0.06709238718067646,0
S8,0,0,0.0008576219339289377,0
S8,0,0,0.0047184147739721734,0
S8,0,0,0.004447510421056381,0
S8,0,0,0.00041636972780365234,0
S8,0,0,0.0009845167340174529,0
S8,0,0,0.0038304208125088586,0
S8,0,0,0.004553305301921459,0
S8,0,0,0.007393861061430332,0
S8,0,0,0.002288699447366352,0
S8,0,0,0.03888865887363866,0
S8,0,0,0.028475684346776817,0
S8,0,0,0.014286092941189031,0
S8,0,0,0.08601916371815602,0
S8,0,0,0.053746734712800774,0
S8,0,0,0.00494791576694745,0
S8,0,0,0.0011952896692838924,0
S8,0,0,0.12135470350568943,0
S8,0,0,0.395710517609758,0
S8,0,0,0.045241393359295175,0
S8,0,0,0.18298218693809704,0
S8,0,0,0.08556437558261117,0
S8,0,0,0.020182719627568728,0
S8,0,0,0.00554669899069204,0
S8,0,0,0.009463232245963932,0
S8,0,0,0.01214520058145033,0
S8,0,0,0.0024792671294898475,0
S8,0,0,0.0019834386243761737,0
S8,0,0,0.010385163703723289,0
S8,0,0,0.004522161139778299,0
S8,0,0,0.02981769653198111,0
S8,0,0,0.032972309787784385,0
S8,0,0,0.016288806865637367,0
S8,0,0,0.011383037798871096,0
S8,0,0,0.010223029433320503,0
S8,0,0,0.3484287797742269,0
S8,1,1,0.8806120320643227,0
S8,1,1,0.8585624850670417,0
S8,1,1,0.7939365299065864,0
S8,1,1,0.6421768600233027,0
S8,1,1,0.9475090022788895,0
S8,1,1,0.9723847384599187,0
S8,1,1,0.7098083281119425,0
S8,1,1,0.9176686163158145,0
S8,1,1,0.9616442131233149,0
S8,1,1,0.9867817381500361,0
S8,1,1,0.9783590445555245,0
S8,1,1,0.7022975142075437,0
S8,1,1,0.5474343675964134,0
S8,1,0,0.3911088775220416,0
S8,1,0,0.2655225654254868,0
S8,1,1,0.8247223011198502,0
S8,1,1,0.9273021544838226,0
S8,1,1,0.8345261446720981,0
S8,1,0,0.32184722120906784,0
S8,1,0,0.15653270154541185,0
S8,1,0,0.40863927916875264,0
S8,1,1,0.5740918897134527,0
S8,1,1,0.8126560212288989,0
S9,0,0,0.3819624399168253,0
S9,0,0,0.09645787939818654,0
S9,0,0,0.10251952172735923,0
S9,0,0,0.06206446015566989,0
S9,0,0,0.04414321777326639,0
S9,0,0,0.03789662842174561,0
S9,0,0,0.0017523284555578953,0
S9,0,0,0.0027431055120735355,0
S9,0,0,0.021301147417283915,0
S9,0,0,0.004185426841482257,0
S9,0,0,0.0030578949344820163,0
S9,0,0,0.02289458793569442,0
S9,0,0,0.008164500881864932,0
S9,0,0,0.013277452196781047,0
S9,0,0,0.012831192459078542,0
S9,0,0,8.14689848576724e-05,0
S9,0,0,0.0008395584481278791,0
S9,0,0,0.003669094472642236,0
S9,0,0,0.032862739364000346,0
S9,0,0,0.17585292979836573,0
S9,0,0,0.18771338608934565,0
S9,0,0,0.1203256954792574,0
S9,0,0,0.008607769509429819,0
S9,0,0,0.007319854285460459,0
S9,0,0,0.08205625969967709,0
S9,0,0,0.0871196639456539,0
S9,0,0,0.09844151366829024,0
S9,0,0,0.09464112530095277,0
S9,0,0,0.0016994377932499137,0
S9,0,0,0.0061942601575647694,0
S9,0,0,0.0009652864753352626,0
S9,0,0,0.002181786416893405,0
S9,0,0,0.0024615284526721235,0
S9,0,0,0.0009005959272966258,0
S9,0,0,0.002444962367591322,0
S9,0,0,0.010473803390262272,0
S9,0,0,0.011622143253298588,0
S9,0,0,0.02422547586713714,0
S9,0,0,0.05407971645160122,0
S9,1,1,0.5007664697077385,0
S9,1,0,0.34259858417233113,0
S9,1,0,0.15476094030464618,0
S9,1,0,0.43137048377642867,0
S9,1,1,0.7864655027511928,0
S9,1,1,0.8599930408880748,0
S9,1,1,0.5736794559874003,0
S9,1,1,0.7599603997079614,0
S9,1,1,0.9517860477289385,0
S9,1,1,0.9238449158208746,0
S9,1,1,0.6108685511273423,0
S9,1,1,0.6762903376857523,0
S9,1,0,0.40340243322936215,0
S9,1,0,0.17981703536238583,0
S9,1,0,0.13097485858903304,0
S9,1,0,0.07736613849095184,0
S9,1,0,0.3347797017424338,0
S9,1,1,0.5003780375271677,0
S9,1,1,0.5845421236563271,0
S9,1,1,0.8079103117144277,0
S9,1,1,0.5108746943163553,0
